First name	Middle initial(s)	Last name	2nd affiliation	3rd affiliation	osf_id	twitter	mattermost	As co-author, I have read and approve submission of this manuscript	participated in event (for example: led or joined a hackathon project)	organized or helped organizing an event	taught at event (for example: traintrack)	attended any general group meetings of this project	attended any core group meetings of this project	led general group meetings	led core group meetings	prepared meeting venue (zoom) (for any meeting)	prepared meeting agenda	managed meeting times (doodle)	took notes in meeting	monitored chat in meeting	prepared or emailed meeting summaries to the group	contributed to paper brainstorm	attended section group meetings	wrote original section content	revised for a section	created figures	created tables, glossary	gathered data	performed master editing	performed internal review	responded to internal review and revised manuscript	participated in the jupyter book creation	prepared / gave presentations at Brainhack global events	preprint dissemination	List the brainhack events you participated at and/or helped organized and/or taught at.	projects	reproducibility	trainings	community / collaboration	better code	Feel free to add any other information regarding your contribution.	ranking	joint_first	Author_ID
Rémi		Gau*			uamsk	RemiGau		X	X	X	X	X	X	X	X		X	X	X		X	X	X		X		X		X			X			Attended OHBM hackathon 2019 and openMR benelux 2019, organized OHBM hackathon 2020 and openMR benelux 2020		X					1	*	95
Stephanie		Noble*			3p6n5	sneuroble	sneuroble	X	X	X	X	X	X	X	X	X	X	X	X	X	X	X	X	X	X	X			X		X	X		X	Brainhack Yale 2018, 2019				X			2	*	23
Katja		Heuer*	Center for Research and Interdisciplinarity / University of Paris / Paris / France		jjeax	katjaQheuer	katja	X	X	X	X	X	X				X	X	X	X	X	X	X	X	X	X		X	X		X	X	X		Co-orga OHBM Hackathon2019 & Brainhacks Paris 2016–; BH Berlin, Hawaii, Geneva, Vancouver, Warsaw,Zurich; co-founder of BrainWeb	X	X		X	X	It was soooo much fun, and I probably learnt a ton more than what I was able to contribute! <3	3	*	2
Katherine	L.	Bottenhorn*				62442katieb	62442katieb	X	X	X		X	X		X	X	X	X	X	X	X	X	X	X	X	X							X		OHBM Hackathons 2020 and 2021			X	X			4	*	47
Isil	P.	Bilgin*	Allied Health Professions / Institute / Bristol / UK		smyxn/	complexbrains	isil	X	X	X		X	X			X	X	X	X		X	X	X	X			X	X				X	X	X	All the brainhack global and satellite events during the passing 2 years, and Ohbm brainhack 2020, 2019						Last 2 years, I heavily worked on development & maintenance of Brainhack Global guidelines, strategies, tools, community.	5	*	119
Yu-Fang		Yang*				ufangyang	ufangyang	X	X	X		X	X	X		X	X	X	X			X	X		X	X					X		X	X	OHBM Brainhack 2020	X		X	X	X		6	*	11
Julia	M.	Huntenburg*				juhuntenburg	juhuntenburg	X	X	X	X	X	X							X									X		X				Brainhack Lisbon 2019, Brainhack Leipzig 2017, Brainhack Neuroanatomy Paris 2016, OHBM Hackathon 2014, etc							7	*	69
Johanna	M. M.	Bayer*	/ Orygen Youth Health / Melbourne / Australia			likeajumprope	likeajumprope	X	X	X		X	X		X	X	X	X	X	X	X				X	X			X	X	X	X		X	Brainhack Global 2020	X	X	X	X	X	I contributed to the sections but as editor and reviewer	8	*	94
Richard	A.I.	Bethlehem*	Brain Mapping Unit, Department of Psychiatry / University of Cambridge / Cambridge / UK			rai_bethlehem		X	X	X		X	X			X				X	X	X		X	X		X		X		X		X		Brainhacks Paris 2016, 2017, Brainhack Global 2016 Cambridge, Brainhack Global 2019 Cambridge	X						9	*	57
Shawn	A.	Rhoads			9vn7a	ShawnRhoads56	shawnrhoads	X	X	X	X	X	X			X		X	X	X		X	X	X	X							X		X	Co-organized Brainhack Washington DC, USA (2019, 2020); Taught workshops at Brainhack Washington DC, USA (2019, 2020)	X			X			10		22
Christoph		Vogelbacher			23g8j		christophvogelbacher	X	X	X	X	X	X						X	X		X	X	X						X		X	X		Brainhack Marburg 2018 - 2020	X				X	Helped Remi with contribution guideline	11		67
Valentina		Borghesani			bk3mv	vborghesani	valentinaborghesani	X	X	X		X	X			X	X	X	X			X	X	X								X	X	X	Organizer of Brainhacks in San Francisco 2018 & 2019, and Montreal 2020	X						12		41
Elizabeth		Levitis	Centre for Medical Image Computing, Department of Computer Science / University College London / London / UK			LevitisLiza	llevitis	X	X	X	X	X	X						X	X		X	X	X	X				X		X		X		Co-organized OHBM Brainhack 2020, participated in OHBM Brainhack 2019, taught at Brainhack School 2019	X		X				13		110
Hao-Ting		Wang	Department of Neuroscience / Brighton and Sussex Medical School, University of Sussex / Brighton / UK	Sussex Neuroscience / University of Sussex / Brighton / UK		HaoTingW713	haoting	X	X	X		X	X			X	X			X										X		X	X		Participated a lot of them since 2016. Co-organised Brainhack Global York 2017.							14		46
Sofie		Van Den Bossche			byrcr/	sofie_vdbos	sofie_vdbos	X	X	X	X	X	X				X	X	X			X	X		X	X		X					X	X	Brainhack Ghent 2017/18, Brainhack Global 2019/20, OpenMR Benelux 2020/21, OHBM Brainhack 2020, neuromatch 1.0 & 2.0 (2020)			X	X	X		15		123
Xenia		Kobeleva	/ German Center for Neurodegenerative Diseases (DZNE) / Bonn / Germany			dr_xenia		X	X			X	X						X	X		X	X							X					Brainhack Paris 2018, OHBM Brainhack 2018/2019, OpenMR Brainhack 2020	X	X	X	X	X	Internal review team	16		73
Jon Haitz		Legarreta			3hxb8		jhlegarreta	X		X		X	X									X	X	X				X				X			Brainhack Global 2019, 2020 editions core team; OHBM Hackathon/OHBM OSR 2020 brainhack team		X			X		17		30
Samuel		Guay			2by7k	SamGuay_	SamGuay	X	X	X	X	X	X						X	X		X	X	X		X	X	X				X	X		Deep Brainhack, Brainhack MTL, Brainhack school, OHBM Brainhack, Brainhack Global, SFN Brainhack		X	X				18		12
Selim	Melvin	Atay			nxb93	i-am-mel-dev	selimatay		X	X		X				X	X		X			X		X	X				X				X		Brainhack Ankara, OHBM Brainhack 2020		X		X			19		1
Gael	P.	Varoquaux	Montréal Neurological Institute / McGill University / Montréal, QC / Canada			GaelVaroquaux		X	X		X		X						X			X							X		X				Paris 2013, Montreal 2020							20		42
Dorien	C.	Huijser	Developmental and Educational Psychology / Leiden University / Leiden / The Netherlands		n6ba2/	DorienHuijser	dorienhuijser	X	X	X		X	X			X	X	X	X	X	X									X					Attended OpenMR Benelux 2020 and OHBM Brainhack 2020, currently organizing OpenMR Benelux 2021						May additionally become involved in the preprint dissemination (outreach team)	21		19
Malin	S.	Sandström				msandstr	malin_incf	X	X	X		X	X									X	X	X	X				X	X				X	INCF Brainhack Global Stockholm, 2017-2019			X	X			22		146
Peer		Herholz			69jnf	peerherholz	peerherholz	X	X	X	X	X	X						X	X		X	X		X							X	X		Brainhack Global committee, Brainhack Montreal, Brainhack Marburg, OHBM brainhack 2019/2020, OHBM OSR 2020			X				23		121
Samuel	A.	Nastase			pu5bj	samnastase	snastase	X	X	X	X	X	X							X										X			X	X	Dartmouth Brainhack 2017 (organizer), Brainhack Princeton 2019-2020 (organizer), OHBM Brainhack 2020 (TrainTrack talk)						compiled master internal review	24		44
AmanPreet		Badhwar	Centre de Recherche de l'Institut Universitaire de Gériatrie de Montréal / Université de Montréal / Montréal, QC / Canada	Département de pharmacologie et physiologie / Université de Montréal / Montréal, QC / Canada		Aman_Badhwar	aman_badhwar	X	X	X	X	X	X									X	X	X	X					X		X	X	X	OHBM Hackathon 2015, 2016, 2017, 2019, 2020; Brainhack Paris 2016; Brainhack Global Montreal since 2016 onwards	X						25		15
Guillaume		Dumas	Mila / Université de Montréal / Montréal, QC / Canada		8mzbv	introspection	guillaume	X	X	X	X	X	X									X	X	X	X					X			X		Organized the Brainhack Paris 2016		X					26		40
Simon		Schwab						X	X	X	X					X	X	X	X				X	X	X			X							"Co-organizer BrainHack Warwick 2017; taught ""Open science and reproducibility in neuroscience"" at BrainHack Zurich 2019"		X					27		134
Stefano		Moia	/ University of the Basque Country (EHU UPV) / San Sebastián-Donostia / Spain		wu5tk	SteMoia	smoia	X	X	X	X	X	X			X		X	X			X	X	X											+BH Zurich 2017 (part), BH Donostia 2018++2019 (org), 2020 (org, taught); OHBM 2020 (part); BH Ankara 2020 (taught)+					X		28		29
Michael		Dayan				neurorepro	mdayan.research	X	X	X	X	X	X									X	X	X	X		X	X					X		Organizer at Campus Biotech in Geneva (2x2019, 1x2020); Attended Zurich 2018. Taught at OHBM 2020.	X						29		7
Yasmine		Bassil				brainybassil	yasminebassil	X		X						X		X	X												X	X		X	Brainhack ATL 2019							30		92
Paula	P.	Brooks						X	X	X													X		X					X					Brainhack Princeton 2019, Brainhack Princeton 2020	X	X	X	X	X		31		93
Matteo		Mancini	Cardiff University Brain Research Imaging Centre / Cardiff University / Cardiff / UK	NeuroPoly Lab / Polytechnique Montréal / Montréal, QC / Canada		ingmatman	matman	X	X	X		X	X																	X					OHBM Brainhack 2020, Brainhack Micro2Macro						Funding information: MM was funded by the Wellcome Trust through a Sir Henry Wellcome Postdoctoral Fellowship (213722/Z/18/Z).	32		81
James	M.	Shine				jmacshine		X	X	X							X			X					X					X					Brainhack Avoca	X	X	X	X	X		33		128
David		O'Connor						X	X	X	X	X	X						X											X	X		X		Brainhack Global NYC, Brainhack Global New Haven, OHBM 15, OHBM 16, OHBM 19 15,							34		99
Xihe		Xie					xihe	X	X	X	X	X	X										X							X					Brainhack Global 2020 New York (Organize, teach), Brainhack LA 2016, Brainhack SF 2019							35		33
Davide		Poggiali				davidepoggiali	pog87	X	X	X		X	X									X								X					attended BrainHack Zagrab 2018. organized BrainHack Padova 2018-19-20							36		21
Patrick		Friedrich				PatFri3drich	patfriedrich	X	X	X		X	X									X												X	Brainhack Padova 2019							37		71
Lydia		Riedl			svw73	RiedlLydia	lydia.r	X	X	X	X	X	X										X		X								X	X	+Brainhack global Marburg 2019 ++ 2020+				X			38		74
Roberto		Toro	Center for Research and Interdisciplinarity (CRI) / University of Paris / Paris / France			r3rt0	r03ert0	X	X	X	X	X										X		X	X								X		Leipzig, Paris, Rome, Berlin, Padova, Vienna, Geneva, etc.					X		39		120
Anibal	S.	Heinsfeld	Department of Computer Science / University of Texas at Austin / Austin, TX / USA		yp7gc	anibalsolon	anibalsolon	X	X	X	X	X	X																			X			Brainhack BR 2016 Org Team; Brainhack Global Org 2019 & 2020; OHBM Brainhack 2020 Americas Hub; Neuromatch 2.0 Org; Brainweb Org							40		122
César		Caballero-Gaudes				CaballeroGaudes	CesarCaballeroGaudes	X	X	X	X	X																		X					Brainhack Donostia 2018, 2019, 2020							41		16
Anders		Eklund	Department of Computer and Information Science / Linköping University / Linköping / Sweden	Center for Medical Image Science and Visualization (CMIV) / Linköping University / Linköping / Sweden		wandedob		X	X		X	X																		X			X		OHBM 2019, OHBM hackathon 2018; Brainhack Global Stockholm 2017							42		39
Kelly	G.	Garner	School of Psychology / University of Birmingham / Birmingham / UK	School of Psychology / The University of Queensland / St Lucia / Australia		garner_theory	Kels	X		X																				X					Hub manager, APAC for OHBM Brainhack, 2020							43		65
Christopher	R.	Nolan					cnolan	X	X	X																				X					2020 OHBM Brainhack							44		112
Damion	V.	Demeter				iamdamion	iamdamion	X	X	X		X				X	X			X		X													Brainhack global (2019, 2020), Neuromatch Conference, Neuromatch 2.0, OHBM Brainhack 2020							45		27
Fernando	A.	Barrios					fabarrios	X	X	X	X	X	X							X			X												Brainhack Global 2018			X	X			46		117
Junaid	S.	Merchant	Department of Psychology / University of Maryland / College Park, MD / USA		85skm	junaidsmerchant	junaid	X	X	X	X	X	X																						Brainhack DC 2020, Brainhack DC 2019, Brainhack DC/NIH 2018, Brainhack NIH 2017, Neurohackweek 2016							47		87
Elizabeth	A.	McDevitt					brainhack-princeton	X	X	X		X																							Brainhack Princeton 2019, 2020							48		91
Robert		Oostenveld	NatMEG / Karolinska Institutet / Stockholm / Sweden		si4kw	oostenvr	robertoostenveld	X	X			X							X	X		X			X					X	X				Paris 2016, OHBM Brainhack 2020	X	X		X			49		124
R. Cameron		Craddock					cameron.craddock	X	X	X	X	X	X																X		X		X		OMG, like tons!							50		100
Ariel		Rokem				arokem	arokem	X	X	X	X	X							X											X			X		Brainhack Global Seattle;  OHBM Brainhack 101;  NeuroHackademy							51		64
Andrew		Doyle				crocodoyle	crocodoyle	X	X	X		X										X											X	X	Deep Brainhack 2017; participant OHBM hackathon 2017/2018/2019, BHG 2017-2019, Zagreb 2017, Toronto 2020							52		34
Satrajit	S.	Ghosh	Department of Otolaryngology - Head and Neck Surgery / Harvard Medical School / Boston, MA / USA					X	X	X	X											X													many - let me know if you need a list :)							53		126
Aki		Nikolaidis				AkiNikolaidis		X	X	X		X										X			X								X		Taught at Brainhack NYC, and Neurohacking 101 & 201 at GenSpace		X	X	X			54		111
Olivia	W.	Stanley	Department of Medical Biophysics / University of Western Ontario / London, ON / Canada				ostanley	X	X	X	X	X							X																Co-chaired Brainhack Western 2018/2019 and participated in Brainhack Ontario 2020							55		96
Eneko		Uruñuela	/ University of the Basque Country (EHU UPV) / San Sebastián-Donostia / Spain			eurunuela	eurunuela	X	X	X	X	X							X																Brainhack Donostia 2019 and 2020							56		3
Nasim		Anousheh					nasim_anousheh	X	X	X	X																						X		I participated in all Brainhack global events at Indiana University (Bloomington)							1000		25
Aurina		Arnatkeviciute				AurinaArn		X			X																								OHBM Brain Hack 2020, Asia / Pacific Hub, Good coding practices in MatLab							1001		136
Guillaume		Auzias																																								1003		157
Dipankar		Bachar																																								1004		179
Elise		Bannier																																								1006		191
Ruggero		Basanisi																																								1008		159
Arshitha		Basavaraj																																								1009		215
Marco		Bedini																																								1012		201
Pierre		Bellec	Centre de Recherche de l'Institut Universitaire de Gériatrie de Montréal / Université de Montréal / Montréal, QC / Canada		jbf6t	pierre_bellec	pierre.bellec	X	X	X	X	X																					X		Leipzig 2012; Paris 2013; Berlin 2014; Montreal 2016-20; Lausanne 2016; Vancouver 2017; Rome 2019; brainhackschool 2018-20; ...						co-founded Brainhack (2012), OS SIG HBM (2016), Brainhack School (2018); editor Brainhack proceedings (2015, 2016, 2021); ...	1013		142
R. Austin		Benn				neurabenn	neurabenn	X	X	X	X	X																							BrainHack Madrid, The BrainWeb							1014		72
Kathryn		Berluti																																								1015		156
Steffen		Bollmann	Centre for Advanced Imaging / The University of Queensland / Brisbane / Australia		cq5sm	sbollmann_MRI	sbollmann_mri	X	X	X	X																								Brainhack 2020 Brisbane, Brainhack 2020 Ankara, Brainhack 2020 Marburg							1018		106
Saskia		Bollmann						X			X																						X		Traintrack: Git						Provided suggestions on this and the earlier version of this paper.	1019		4
Claire		Bradley						X		X																								X	Member of the Social Team for Asia-Pacific Hub of the 2020 OHBM Hackathon							1022		61
Jesse		Brown																																								1024		162
Augusto		Buchweitz				augustobuch		X	X	X	X	X	X								X		X										X		Brainhack Porto Alegre, Brazil (all editions)	X	X	X				1025		54
Patrick		Callahan																																								1027		193
Micaela	Y.	Chan				Micaela__Chan		X	X	X	X	X																							Brainhack Dallas 2019							1028		86
Bramsh	Q.	Chandio				BramshQ	bramshq	X	X	X		X																							BrainHack Global - Indiana University Bloomington 2018							1029		37
Theresa		Cheng																																								1030		161
Sidhant		Chopra				sidchop		X	X	X		X										X			X										OHBM Brainhack 2020	X			X			1031		137
Ai Wern		Chung						X		X																								X	Brainhack Boston 2019, https://fnndsc.childrens.harvard.edu/brainhack2019/							1032		38
Thomas	G.	Close	/ National Imaging Facility / Sydney / Australia			tomgclose	tom.close	X	X		X																								OHBM 2018 Singapore, OHBM 2019 Rome, OHBM 2020 virtual							1033		105
Etienne		Combrisson																																								1034		158
Giorgia		Cona						X	X	X	X									X											X				BrainHack Padova 2018; BrainHack Padova 2020							1035		70
R. Todd		Constable	School of Medicine / Yale University / New Haven, CT / USA			constable_todd		X	X	X		X																							Two brain hack events at Yale University							1036		8
Claire		Cury																																								1038		197
Kamalaker		Dadi																																								1039		206
Pablo	F.	Damasceno																																								1040		205
Samir		Das																																								1041		167
Fabrizio		De Vico Fallani	Paris Brain Institute / Sorbonne Universites, Inserm 1127, Cnrs 7225, AP-HP / Paris / France					X		X																									Brainhack Networks 2018; Brainhack Networks 2019							1043		10
Krista		DeStasio																																								1045		203
Erin	W.	Dickie	Department of Psychiatry / University of Toronto / Toronto, ON / Canada			ErinWDickie	erin.w.dickie	X	X	X	X	X																					X		Organizer of BrainHack Global Toronto 2017-2020; BrainsHack CAN/ACN Hackathon (May 2019)							1046		84
Lena		Dorfschmidt				lenadorfschmidt		X	X	X		X																		X			X		OHBM Brainhack Rome 2019, Oxbridge Brainhack 2020							1047		115
Eugene	P.	Duff				eugenepduff	eduff123	X	X	X															X										Leipzig 2012, Warwick 2017, OHBM 2020, other HBMs on site						Minor contrib. to HBM 2020 as OSSIG Treas. minor edits to man. Happy to help final stages. Authorship not expected. Amazing work	1049		144
Elizabeth		DuPre			pcq6g	emdupre_	emdupre	X	X	X	X	X																							OSSIG 2017-2020, Brainhack Montreal 2018 co-organizer, instructor at BrainHack school in 2018-2019							1051		85
Sarah	L.	Dziura																																								1052		218
Nathalia	B.	Esper						X	X	X	X	X										X									X		X	X	Brainhack Global - Porto Alegre (2016, 2017, 2018 and 2019)							1054		76
Oscar		Esteban			c5st6	oesteban	oesteban	X	X	X	X									X											X		X	X	Brainhack Donostia 2020, UIUC location of Brainhack 2017							1055		129
Shreyas		Fadnavis				ShreyasSF	shreyasfadnavis	X	X	X																									Indiana Univesity Bloomington							1056		131
Guillaume		Flandin																																								1057		190
Jessica	E.	Flannery																																								1058		208
John		Flournoy																																								1059		194
Stephanie	J.	Forkel	Department Neuroimaging, Institute of Psychiatry, Psychology and Neurosciences / King's College London / London / UK			StephForkel		X	X	X	X														X								X		+Brainhack London 2017, BrainHack in Paris: Global Edition 2018, BrainHack GLOBAL in Padova: Brain Asymmetries edition 2019, ++2+	X						1060		139
Alexandre	R.	Franco	Center for the Developing Brain / Child Mind Institute / New York City, NY / USA	Department of Psychiatry / NYU Grossman School of Medicine / New York City, NY / USA		Alex_R_Franco		X	X	X	X	X	X	X	X	X	X	X	X	X																						1061		133
Saampras		Ganesan	Department of Biomedical Engineering / The University of Melbourne / Melbourne / Australia			SaamprasG		X	X		X	X	X												X					X					Tutor at MATLAB traintrack; participant in 1) Neurofeedback for children with ADHD, 2) age prediction using machine learning.	X		X			Also performed some edits in the projects and conclusion section, and the table at the end.	1063		45
Siyuan		Gao																																								1064		199
José	C.	García Alanis			8f2vt	JoiAlhaniz		X	X	X	X	X																							Brainhack Marburg							1065		113
Eleftherios		Garyfallidis				garyfallidis	eleftherios	X	X	X	X	X	X																		X		X	X	Presented at Brainhack Montreal, organized all Brainhack GLOBAL events at Indiana University, Presented at OHBM Brainhack events							1067		20
Tristan		Glatard						X	X	X	X																								Brainhack Montreal 2019, Brainhack School 2019 and 2020						Treasurer of OSSIG 2021	1070		151
Enrico		Glerean	International Laboratory of Social Neurobiology, Institute of Cognitive Neuroscience / National Research University Higher School of Economics / Moscow / Russia																																							1071		204
Javier		Gonzalez-Castillo																																								1072		202
Cassandra	D.	Gould van Praag	Department of Psychiatry / University of Oxford / Oxford / UK		7s93g/	Cassgvp	Cassgvp	X	X	X		X																							OHBM 2019; OHBM 2020						Please feel free to remove OHBM 2020 participation/organisation if not appropriate :)	1073		153
Abigail	S.	Greene																																								1074		163
Geetika		Gupta	Brain and Mind Institute / Western University / London, ON / Canada		qr5zf/	_geetikagupta	ggupta	X	X	X	X	X																							Organizer for BrainHack Western 2017-2019							1076		97
C. Alice		Hahn																																								1077		196
Yaroslav	O.	Halchenko																																								1078		177
Daniel		Handwerker																																								1079		186
Thomas	S.	Hartmann						X	X	X	X	X	X	X	X	X	X	X	X	X	X	X	X			X	X	X	X	X					Brainhack Marburg	X		X	X	X		1080		26
Valérie		Hayot-Sasson						X	X	X	X																								BrainHack MTL 2017 (participated), BrainHackMTL 2019 (helped organized), BrainHack School MTL 2019/2020 (organization)							1081		155
Stephan		Heunis			mj3yt	fmrwhy	jsheunis	X	X	X																						X		X	OHBM Hackathon 2019 & 2020, OSSIG member of OHBM 2020							1085		118
Felix		Hoffstaedter	Institute of Systems Neuroscience, Medical Faculty / Heinrich-Heine University Duesseldorf / Duesseldorf / Germany			Felix_BnB	felixh	X	X	X																									participant @OHBM Hackathon 2016-2018, OHBM Open Science Room Chair 2018							1086		145
Daniela	M.	Hohmann			x6rg4		dmhohmann	X	X			X																							Brainhack Marburg							1087		152
Corey		Horien																																								1088		200
Horea-Ioan		Ioanas	D-ITET / ETH Zurich / Zurich / Switzerland			TheChymera	chymera	X	X	X	X																X				X	X			participated: Paris 2016, Lausanne 2017, Zurich 2017; organized: Zurich 2018,2019							1091		49
Alexandru	D.	Iordan																																								1092		169
Chao		Jiang																																								1093		168
Michael		Joseph																																								1094		210
Jason		Kai						X	X	X	X																								OHBM Hackathon 2017, Brainhack Western 2017 - 2019, Brainhack Ontario 2020, Brainhack CAN/ACN 2019							1095		98
Agah		Karakuzu	Montreal Heart Institute / Université de Montréal / Montréal, QC / Canada		jz9hs	agahkarakuzu	agahkarakuzu	X	X	X	X	X																							Taught at BHG 2020 & BH School 2019-2020, Attended all the BH Montreal event and helped organize some						Developed authoring pipeline for the brainhack proceedings	1096		125
David	N.	Kennedy																																								1097		165
Anisha		Keshavan	eScience Institute / University of Washington / Seattle, WA / USA	Institute for Learning and Brain Science / University of Washington / Seattle, WA / USA		akeshavan_		X	X	X	X																								co-organized brainhack singapore!							1098		102
Ali	R.	Khan																																								1099		182
Gregory		Kiar				g_kiar	gkiar	X	X	X	X																						X		former hackathon co-chair (OHBM 2018, Montreal 2018-2020), co-founder of the traintrack, OS sig treasurer, instructor							1100		13
P. Christiaan		Klink				chrizklink	chrisklink	X	X			X																			X				Participant at Brainhack Comparative MRI London 2019 (Prime-RE & RheMAP projects) and at the Brainweb (RheMAP & AFIDS projects)							1101		51
Vincent		Koppelmans																																								1103		173
Serge		Koudoro				skoudoro	skoudoro	X	X	X	X																								Co-organizer/Teacher BrainHack Bloomington, IN,  2018, 2019; Participated in a number of Hackatons like OHBM-hackatons 2019/201							1104		90
Angela	R.	Laird			bux4q	phyzang	alaird	X	X	X	X	X																			X		X		BrainHack Miami co-organizer; ABCD-ReproNim organizer/instructor							1105		24
Georg		Langs	CSAIL / MIT / Cambridge, MA / USA			georg		X	X	X	X	X																		X	X				Organized: Vienna 2016, Vienna 2019; Participated in many, e.g., Paris 2016, Leipzig 2016							1106		80
Marissa	L.	Laws																																								1107		212
Roxane		Licandro	/ TU Wien / Vienna / Austria					X	X	X																									Brain Hack Vienna 2016, Brain Hack Vienna 2019							1110		14
Sook-Lei		Liew				NPNLatUSC	sliew	X	X	X																					X		X	X	Organized Brainhack LA 2016 (http://brainhack.org/LA) & Brainhack globals (DC 2014, LA 2015), participated in OHBM's 2016, 2018						I will happily disseminate the preprint once it's live :)	1111		116
Tomislav		Lipic			jyzah/			X	X	X			X		X		X									X		X							Brainhack Zagreb, 2018, 2019, 2020							1112		141
Krisanne		Litinas																																								1113		172
Daniel	J	Lurie			ukpv7	danjlurie	danjlurie	X	X	X	X																								Berkeley 2016 (chair), SF 2017 (chair, instructor), SF 2018 (participant), OHBM Vancouver (participant), OHBM Rome (participant)							1114		148
Désirée		Lussier																																								1115		176
Christopher	R.	Madan			4tqns	cMadan	cmadan	X	X	X																				X				X	Brainhack Global: Boston (2017), Brainhack Non-Human Primate Analysis Tools (2019)							1116		43
Lea-Theresa		Mais					lea_m	X	X																					X					Brainhack 2019 & 2020							1117		77
Sina		Mansour L.				sina_mansour_l	sina_mansour_l	X	X	X												X											X		git and github, docker and singularity, best coding practices							1119		79
J.P.		Manzano-Patron				josepemanzano		X	X	X	X	X																							+BHG Madrid 2018 Organizer ++ attendee at BHG 2017 Bilbao and OHBM/Brainhacks+							1120		55
Dimitra		Maoutsa						X	X																						X				Marburg							1121		59
Matheus		Marcon						X	X	X	X																						X		Participated in Brainhack Global Porto Alegre 2017; Co-organized and taught on Brainhack Global Porto Alegre 2018-2019.							1122		101
Daniel	S.	Margulies	INCC UMR 8002 / Université de Paris / Paris / France					X	X	X																																1123		154
Giorgio		Marinato																																								1124		189
Daniele		Marinazzo																																								1125		178
Christopher	J.	Markiewicz																																								1126		183
Camille		Maumet				cmaumet	cmaumet	X	X	X		X																							Paris 2013, OHBM 2014, OHBM 2016, Ghent 2017, Global Warwick 2017, Global Rennes 2018, Western France 2019, OHBM 2020							1127		31
Felipe		Meneguzzi				drmeneguzzi	meneguzzi	X	X	X	X																						X		Brainhack Porto Alegre 2015-2019							1129		35
David		Meunier																																								1131		180
Michael	P.	Milham																																								1132		166
Kathryn	L.	Mills	PROMENTA Research Center, Department of Psychology / University of Oslo / Oslo / Norway		vmyxp	drkatemills		X	X	X	X																				X		X		First Brainhack in Leipzig; OHBM Brainhack 2015 & 2019; Eugene site for Brainhack Global 2017-2019							1133		58
Davide		Momi				DaveMomi		X	X	X	X																				X		X		Donostia, Marburg, Padova, Ankara, New York, Ontario							1135		5
Clara	A.	Moreau	/ Université de Montréal / Montréal, QC / Canada			claramoreau9		X	X	X																									Co-organized the OBHM Lausanne Brainhack (2016), co-organized local Montreal brainhacks, helped at Vancouver edition, and Rome							1136		56
Aysha		Motala				Aysha_motala		X	X	X		X	X						X														X		BrainHack UWO 2019, BrainHack Ontario 2020							1137		48
Iska		Moxon-Emre				IskaMoxonEmre		X	X	X																									Was on the organizing committee for BrainHack Ontario, helped organize agenda, social activities, moderated chat during event							1138		132
Thomas	E.	Nichols	WIN-FMRIB / University of Oxford / Oxford / UK		dku4c	ten_photos	nichols	X	X	X																									OHBM BrainHacks 2014 - 2020,  Brainhack Global Warwick 2017							1140		135
Dylan	M.	Nielson																																								1141		211
Gustav		Nilsonne	Department of Psychology / Stockholm University / Stockholm / Sweden		nolrw	GustavNilsonne	gustav_nilsonne	X	X	X	X	X																							Stockholm BrainHack 2018, 2019, 2020							1143		52
Lisa		Novello																																								1146		192
Caroline		O'Brien																																								1147		195
Emily		Olafson																																								1149		185
Lindsay	D.	Oliver				loliver_4	lindsaydoliv	X	X	X																									Toronto Brainhack Global 2018, Toronto Brainhack Global 2019, Ontario Brainhack Global 2020							1150		60
John	A.	Onofrey	Department of Urology / Yale School of Medicine /   /																																							1151		198
Edwina	R.	Orchard				OrchardWinnie		X	X	X						X			X	X											X				Social Co-ordinator for Asia-Pacific Hub of the 2020 OHBM Hackathon							1153		63
Kendra		Oudyk																																								1154		175
Patrick	J.	Park						X	X	X	X	X																							Brainhack Western							1155		107
Mahboobeh		Parsapoor	/ Vector Institute for Artificial Intelligence / Toronto, ON / Canada	/ Women in Artificial Intelligence & Machine Learning (WinAIML) / Montréal, QC / Canada		mahparsa		X	X			X																X			X		X		Toronto brainhack 2019, Ontario brainhack  2020							1156		149
Lorenzo		Pasquini																																								1157		213
Scott		Peltier																																								1158		209
Cyril	R.	Pernet	Neurobiology Research Unit / Copenhagen University Hospital, Rigshospitalet / Copenhagen / Denmark			CyrilRPernet	cpernet	X	X		X	X																		X			X		Warwick, Marseilles, OHBM							1159		127
Rudolph		Pienaar	Radiology / Harvard Medical School / Boston, MA / USA		sthnm	rudolphpienaar		X	X	X	X				X	X	X																		Brainhack Boston 2019						https://fnndsc.childrens.harvard.edu/brainhack2019/	1160		89
Pedro		Pinheiro-Chagas																																								1161		216
Jean-Baptiste		Poline	Helen Wills Neuroscience Institute / University of California, Berkeley / Berkeley, CA / USA			jbpoline	jbpoline	X	X	X	X	X										X			X								X		Not sure how to put this, but I organized and led the whole Berkeley brainhack meeting		X					1163		78
Anqi		Qiu						X			X		X		X																											1164		147
Tiago		Quendera						X	X	X	X	X										X											X	X	Brainhack Portugal 2019							1165		28
Laura	C.	Rice	Neurology / Johns Hopkins University / Baltimore, MD / USA		yuzs8	LC_Neuro	laura.blevins	X	X	X	X	X																						X	Brainhack Global DC, 2019						Co-organizer for DC's 2019 Brainhack - attended, taught traintrack on resting state FC; Will disseminate via Twitter	1167		88
Joscelin		Rocha-Hidalgo																																								1169		214
Saige		Rutherford																																								1171		170
Mathias		Scharinger						X	X	X													X								X		X		Bibliometric Analyses with R	X						1173		75
Dustin		Scheinost																																								1174		164
Deena		Shariq																																								1176		217
Thomas	B.	Shaw			k8u5b	thomcat992		X	X		X	X													X								X		Containers for reproducible neuroscience				X		I gave small comments on the Google doc, but I am not sure if this counts for co-authorship? Happy to be removed if not.	1177		62
Viviana		Siless																																								1179		219
Molly		Simmonite																																								1180		171
Nikoloz		Sirmpilatze					niksirbi	X	X																										Brainhack Comparative MRI London 2019, Brainweb							1181		9
Hayli		Spence																																								1182		187
Julia		Sprenger						X	X	X	X																								Brainhack Munich 2017, Brainhack Marseille 2020							1183		66
Andrija		Stajduhar	Andrija Stampar School of Public Health, School of Medicine / University of Zagreb / Zagreb / Croatia					X	X	X	X																						X		Brainhack Montreal 2017 (project lead), 2018 (project lead), Brainhack Zagreb 2018 (chair), 2019 (chair), 2020 (chair, lecturer)							1184		50
Martin		Szinte																																								1186		181
Sylvain		Takerkart				TakerkartSylva1	sylvain.takerkart	X	X	X	X	X																						X	attended several OHBM BrainHacks; led the organization of BrainHack Marseille 2019 and BrainHack Marseille 2020							1187		68
Angela		Tam				angelatamtweets		X	X	X	X																								OHBM Brainhack 2020, Montreal Brainhack School 2018, Deep Brainhack 2017 (Montreal), OHBM Brainhack 2015, Brainhack EDT 2014							1188		32
Link		Tejavibulya						X	X																										Yale 2019							1189		104
Michel		Thiebaut de Schotten	Groupe d’Imagerie Neurofonctionnelle, Institut des Maladies Neurodégénératives- UMR 5293, CNRS / CEA University of Bordeaux / Bordeaux / France		hr3bg/	michelTDS		X	X	X	X	X																		X	X		X	X	I organized 7 BrainHacks						Wrote a section that did not make the cut in the final manuscript	1190		140
Ina		Thome			v8dfn			X	X	X	X																								Brainhack Marburg 2019 and 2020							1191		53
Laura		Tomaz da Silva						X	X	X	X	X																							Brainhack Porto Alegre/Brazil - PUCRS (years: 2018, 2019)						I helped organizing the events at PUCRS during 2018, 2019 and I also taught at during both events.	1192		36
Nicolas		Traut	Center for Research and Interdisciplinarity / University of Paris / Paris / France			nicolas_traut	ntraut	X	X	X		X																							Brainhacks in Paris 2017;  Brainhack Global Paris 2018;  OHBM Hackathon 2019							1194		114
Lucina	Q.	Uddin				LucinaUddin		X	X	X															X								X		Co-organized local Brainhacks at University of Miami and Florida International University June 2018; March 2017; Oct 2015&2014			X	X			1195		17
Antonino		Vallesi	/ IRCCS San Camillo Hospital / Venice / Italy			AntoninoVallesi	antoniovallesi	X	X	X		X				X	X													X					BrainHack in Padova 2018, 2019, 2020						Participated in various BrainHack events in Padova, Italy, and co-organized BrainHack Diversity in Padova 14-16 Dec 2020	1197		6
John	W.	VanMeter	Center for Functional and Molecular Imaging / Georgetown University Medical Center / Washington D.C. / USA					X	X	X	X	X										X													Brainhack Global 2019; Brainhack EDT 2015							1199		83
Nandita		Vijayakumar																																								1201		188
Matteo		Visconti di Oleggio Castello			htw98	MatteoVdOC	mvdoc	X	X	X	X																								Organizer of Brainhack Dartmouth 2017; Taught at Brainhack Princeton 2019; Partecipated at OHBM Hackatons 2015, 2016, 2018						OSSIG Secretary 2018	1202		18
Jakub		Vohryzek			fd8ks	VohryzekJakub	jakub	X	X	X		X										X													Organized Oxbridge BrainHack 2019 with Lena Dorfschmidt, Participated in OHBM 2019 Brainhack, Zurich							1204		138
Jakša		Vukojević						X	X	X		X				X																			All of the Brainhack Zagreb events							1205		143
Kirstie	Jane	Whitaker			xe9vf	kirstie_j		X	X	X	X																						X		Lead organiser for Brainhack Cambridge, OHBM 2016, 2017, 2018, 2019. I feel like I've spoken at others too but I can't remember							1207		108
Lucy		Whitmore																																								1208		207
Steve		Wideman	CNC / University of Alabama at Birmingham / Birmingham AL / USA					X	X			X							X											X					BrainHack UAB 2018, attempted to bring BrainHack UAB 2020 but no go...							1209		103
Suzanne	T.	Witt				suzwi54	switt4	X	X	X	X																				X				Brainhack Western 2019, Brainhack Ontario 2020							1210		82
Hua		Xie																																								1212		160
Ting		Xu				TingsterX		X	X	X	X																								Vienna 2016, New York, 2015, 2018, 2019, Beijing 2020, OHBM Hackathon 2019-2020							1213		150
Chao-Gan		Yan	International Big-Data Center for Depression Research / Chinese Academy of Sciences / Beijing / China					X	X	X	X	X				X	X																		Brainhack Apac 2020						Hosted Brainhack Apac 2020	1214		130
Fang-Cheng		Yeh																																								1216		184
B.T. Thomas		Yeo																																								1217		174
Xi-Nian		Zuo	National Basic Public Science Data Center / Chinese Academy of Sciences / Beijing / China	School of Education Sciences / Nanning Normal University / Nanning / China				X	X	X	X																						X		BrainHack 2013; BrainHack 2016; BrainHack Global Beijing & Nanning							1218		109
